timestamp,speed,gps_lat,gps_lon,brake_pressure,throttle,ecu
2024-01-01 10:00:00,64.96714153011233,28.609308678494145,77.2332384426905,0.14680559213273098,0.26239780813448105,engine
2024-01-01 10:00:01,75.23029856408026,28.617896064077538,77.23383717364577,0.10617534828874074,0.5879639408647976,engine
2024-01-01 10:00:02,55.30525614065048,28.612712800217928,77.22768291153594,0.19127267288786132,0.4099025726528951,engine
2024-01-01 10:00:03,55.34270246429743,28.601375410837434,77.2271885623538,0.2835558684167139,0.25579754426081674,engine
2024-01-01 10:00:04,50.91975924478789,28.60293848149332,77.23732824384462,0.15990213464750794,0.4056937753654446,engine
2024-01-01 10:00:05,57.74223699513465,28.607278086377374,77.23055461294855,0.28226345557043153,0.2682096494749166,engine
2024-01-01 10:00:06,53.99361310081195,28.60854153125103,77.22699146693886,0.13661147045343366,0.39807076404450803,engine
2024-01-01 10:00:07,78.52278184508938,28.614112724560517,77.22389578175014,0.19351332282682332,0.4080272084711243,engine
2024-01-01 10:00:08,46.71813951101569,28.610984306179343,77.23369233289998,0.12654775061557585,0.2783931449676581,engine
2024-01-01 10:00:09,61.7136828118997,28.60942175858806,77.22849448152206,0.21660318690684463,0.3085396127095584,engine
2024-01-01 10:00:10,55.393612290402125,28.615285611131092,77.23171809144785,0.1422772674924288,0.5208787923016158,engine
2024-01-01 10:00:11,42.36959844637266,28.60661538999847,77.23305838144421,0.10165663513708073,0.5261845713819336,engine
2024-01-01 10:00:12,70.30999522495951,28.61465640059558,77.2258039123839,0.35893102776267805,0.4493192507310232,engine
2024-01-01 10:00:13,56.907876241487855,28.607604128810774,77.22907170511668,0.19329469651469866,0.33007332881069884,engine
2024-01-01 10:00:14,68.12525822394198,28.616781200142853,77.22963994939211,0.13587827378149053,0.485297914889198,engine
2024-01-01 10:00:15,70.03532897892023,28.61180697802754,77.23769018283234,0.3312901539863683,0.3975182385457563,engine
2024-01-01 10:00:16,33.80254895910255,28.614109512521875,77.23043523534119,0.19430679432289802,0.4034282764658811,engine
2024-01-01 10:00:17,57.009926495341325,28.608901640560813,77.23178556285757,0.22311487691068893,0.5022204554172194,engine
2024-01-01 10:00:18,51.91506397106812,28.607491214782076,77.23457701058851,0.34110162306973435,0.27462802355441435,engine
2024-01-01 10:00:19,63.287511096596845,28.61048538774674,77.23484322495267,0.3422320465492188,0.5584365199693972,engine
2024-01-01 10:00:20,52.979469061226474,28.60836168926701,77.22803945923434,0.345404429776748,0.5442922333025373,engine
2024-01-01 10:00:21,45.364850518678814,28.610025567283213,77.22882706433313,0.22522330094463372,0.2888431241882921,engine
2024-01-01 10:00:22,56.572854834732304,28.605988613653892,77.22919357144167,0.2556371865230098,0.48120758355807114,engine
2024-01-01 10:00:23,64.04050856814538,28.611287751953615,77.22962777042117,0.3887341884826334,0.3007129183301457,engine
2024-01-01 10:00:24,40.812287847009586,28.609867430622753,77.23030115104972,0.11544362537499682,0.3114585856946446,engine
2024-01-01 10:00:25,84.63242112485287,28.609038195176094,77.23150773671168,0.14346846162736693,0.3957811041110252,engine
2024-01-01 10:00:26,71.4282281451502,28.613759665163432,77.23395515973522,0.210334939815776,0.4529223322374318,engine
2024-01-01 10:00:27,50.906125452052606,28.612934285469002,77.24095227812906,0.1270869310163225,0.5341209982356951,engine
2024-01-01 10:00:28,50.09463674869312,28.607168511351986,77.23049825682544,0.30326930855268475,0.20663513157114247,engine
2024-01-01 10:00:29,54.96524345883801,28.60224668284467,77.23034281487404,0.293551837122835,0.26974657160199655,engine
2024-01-01 10:00:30,50.80575765766197,28.617749672025088,77.22608373353832,0.37740808548356886,0.5509357413523923,engine
2024-01-01 10:00:31,56.77938483794324,28.614067586086847,77.22384567841783,0.3451666600603648,0.42208032463978495,engine
2024-01-01 10:00:32,43.92516765438772,28.61092316929266,77.23129941397124,0.2017089373146102,0.33968382984506434,engine
2024-01-01 10:00:33,67.81822871777311,28.612609707828085,77.23148492336617,0.3661259272795352,0.5119502183430495,engine
2024-01-01 10:00:34,53.19975278421509,28.611161268485805,77.23146536236649,0.10151847515386561,0.2643232205669995,engine
2024-01-01 10:00:35,52.85648581973632,28.619328872555723,77.23236916460456,0.2955883778507802,0.28970772378422394,engine
2024-01-01 10:00:36,50.253183297726785,28.613935423018713,77.23579297789504,0.2948898697141644,0.5396893641976712,engine
2024-01-01 10:00:37,51.7931768164829,28.61411030079997,77.23948396491328,0.12810243034842775,0.3470863212237734,engine
2024-01-01 10:00:38,51.10485570374477,28.60592094857517,77.22961449145293,0.36761396655313405,0.45245545039890517,engine
2024-01-01 10:00:39,63.41151974816644,28.61006500945939,77.23726767038579,0.27307116538790777,0.39700707752754555,engine
2024-01-01 10:00:40,66.25667347765007,28.60571421221792,77.2246455375097,0.38213757530587433,0.5815714308010349,engine
2024-01-01 10:00:41,64.82472415243186,28.608882686073372,77.23357000247046,0.10463698495866024,0.5713274250350902,engine
2024-01-01 10:00:42,64.73237624573545,28.609635855436714,77.22576603140966,0.3553410014550571,0.3267688020625111,engine
2024-01-01 10:00:43,44.851527753141355,28.61107046872065,77.22377130610644,0.38084643224823433,0.47841191866998917,engine
2024-01-01 10:00:44,51.16142563798867,28.610768625529726,77.23029104359223,0.36321192157838667,0.4963074471016818,engine
2024-01-01 10:00:45,48.57029702169377,28.615415256215876,77.23526901026018,0.20784734536592658,0.31743673770579733,engine
2024-01-01 10:00:46,65.1503526720866,28.61256892975456,77.23257523843154,0.3394885536900326,0.45998557231110604,engine
2024-01-01 10:00:47,98.52731490654722,28.614770008817466,77.23325695625654,0.3670016025452699,0.3351980627406143,engine
2024-01-01 10:00:48,52.27174785462428,28.6088159069663,77.22757318226085,0.23967940543973806,0.4170578538830306,engine
2024-01-01 10:00:49,60.81874139386323,28.613431300951873,77.22193642064406,0.10915007498171483,0.21493927549968578,engine
2024-01-01 10:00:50,55.280681342105666,28.615444752984835,77.23032140009548,0.33099806592958325,0.2863284109987373,engine
2024-01-01 10:00:51,49.22255222070694,28.606348166841414,77.23108229294792,0.11550451635058231,0.4125418526272592,engine
2024-01-01 10:00:52,81.43944089325325,28.61316959511159,77.21987428706672,0.33855585843061115,0.3083329005048297,engine
2024-01-01 10:00:53,61.86454314769428,28.606037396307837,77.22942631779267,0.10760522302463726,0.58505936587117,engine
2024-01-01 10:00:54,65.04987278980457,28.61432877597085,77.22399851796473,0.1469311128013258,0.30009715926583813,engine
2024-01-01 10:00:55,56.654987641590516,28.618827271201404,77.2320249085548,0.2980592130153194,0.3119735587783771,engine
2024-01-01 10:00:56,81.22156197012633,28.615162326302755,77.22240315017024,0.2067918035953785,0.5031384441857476,engine
2024-01-01 10:00:57,55.15765927133749,28.61221909714073,77.23387317026715,0.24225214872619757,0.2391336642604006,engine
2024-01-01 10:00:58,27.58732659930927,28.60487806179333,77.22873715924304,0.21955142031921204,0.4463400392208866,engine
2024-01-01 10:00:59,47.52216818035151,28.607799777566516,77.23065370288643,0.2123837843879414,0.45034396628569456,engine
2024-01-01 10:01:00,71.63163752154959,28.610051165305098,77.22509245674476,0.12117062422012896,0.4569677112825262,engine
2024-01-01 10:01:01,64.6210347426327,28.61034901042495,77.22807343201569,0.38206907242748733,0.43018967115035156,engine
2024-01-01 10:01:02,75.86016816145352,28.603810922505865,77.24066516687328,0.3824394426329576,0.3544410551203097,engine
2024-01-01 10:01:03,40.47912200477498,28.611404959338675,77.2268865024009,0.12135659453806871,0.32759025211750453,engine
2024-01-01 10:01:04,54.106352430557884,28.614248010485106,77.23178507742983,0.2886828540339652,0.5509888054108212,engine
2024-01-01 10:01:05,53.070904047393455,28.614064310594195,77.23314814420962,0.18461037177139195,0.27097581751188915,engine
2024-01-01 10:01:06,67.47293605123262,28.613051851327167,77.22989549203018,0.21160542573783497,0.5105651842967986,engine
2024-01-01 10:01:07,61.17327383308782,28.612735486905848,77.22898903673783,0.35752382555290363,0.3715976109500073,engine
2024-01-01 10:01:08,68.2541634898803,28.614067548180003,77.23652739403578,0.19601488030918354,0.5582092913984802,engine
2024-01-01 10:01:09,60.21003841632759,28.61162083176244,77.22934928472817,0.38518214408126683,0.42937515524931447,engine
2024-01-01 10:01:10,51.81779316766527,28.620461936378426,77.22496991309251,0.30175553682311157,0.5009498117750719,engine
2024-01-01 10:01:11,47.85811387212268,28.61312059908526,77.23314172754633,0.12736183091460712,0.3977681218810326,engine
2024-01-01 10:01:12,60.75804558193726,28.60661419144244,77.23487559866709,0.20527450376562362,0.24682680657104236,engine
2024-01-01 10:01:13,58.52942618497861,28.61206465727138,77.22718137723598,0.2854654189948783,0.24044907044911612,engine
2024-01-01 10:01:14,62.44966571108723,28.607465284123144,77.22764480847191,0.12545131422555758,0.5946558314004702,engine
2024-01-01 10:01:15,62.32049937357636,28.602759578292513,77.22296268112812,0.3438398701772508,0.5788994309535435,engine
2024-01-01 10:01:16,52.81555778747564,28.60893276424144,77.23155453782799,0.2272666027740929,0.5625417540378943,engine
2024-01-01 10:01:17,74.75356216949552,28.609904918960485,77.22498735317681,0.10340609343022572,0.3874642567976505,engine
2024-01-01 10:01:18,63.227185603380896,28.605863845282236,77.23259673257121,0.3886517645423626,0.34994823180948165,engine
2024-01-01 10:01:19,75.32738913002578,28.613450719958553,77.22799389764057,0.1670787515558358,0.5852890157762445,engine
2024-01-01 10:01:20,62.24092481810417,28.61006296200391,77.23048838049274,0.3907907606857297,0.4092391376680595,engine
2024-01-01 10:01:21,52.26990216144534,28.617255718038976,77.23479635413042,0.236362319430332,0.4510232320336254,engine
2024-01-01 10:01:22,68.72320636720679,28.61091671002869,77.24094901466609,0.18321435489433982,0.2752484638895045,engine
2024-01-01 10:01:23,51.91701714644849,28.59938052137845,77.2273712248916,0.27509683355526166,0.23109385478599395,engine
2024-01-01 10:01:24,63.41755975777159,28.61938085419608,77.23475211919093,0.3054193517661638,0.26504677573795654,engine
2024-01-01 10:01:25,54.23096344337597,28.603398833964896,77.23915729382928,0.37981854500620404,0.5464255558001634,engine
2024-01-01 10:01:26,71.79440120721287,28.607654121739476,77.22143432735454,0.390974319344381,0.5368475692542835,engine
2024-01-01 10:01:27,73.53872374165412,28.609427300773735,77.23618908155987,0.22444585070129958,0.3093628287722825,engine
2024-01-01 10:01:28,60.05243699718183,28.610234902968823,77.2277496726426,0.2351632405930281,0.251663766060598,engine
2024-01-01 10:01:29,66.22849932347499,28.61060147815856,77.2325721941703,0.16859284165103883,0.46868027376234267,engine
2024-01-01 10:01:30,44.65885829264378,28.61638838410949,77.2316615700599,0.256092310271138,0.5089273566942557,engine
2024-01-01 10:01:31,52.51513463443446,28.61589648592032,77.23033759240705,0.26557205163234565,0.42437518861415446,engine
2024-01-01 10:01:32,57.51035851520926,28.61485785475477,77.23322687974793,0.31122393042976715,0.2851856646035643,engine
2024-01-01 10:01:33,73.68631557532349,28.615292122434248,77.2212063025679,0.21767321352991972,0.37498996880949165,engine
2024-01-01 10:01:34,57.305931655554424,28.613587711278978,77.23751178526048,0.21896283469638106,0.44883468009114935,engine
2024-01-01 10:01:35,60.74094780419775,28.601483087803224,77.22972226150551,0.23774072687147843,0.5920130301141908,engine
2024-01-01 10:01:36,39.325578999601234,28.609554399802434,77.22347765249748,0.12275899843259919,0.2515518887642597,engine
2024-01-01 10:01:37,66.69672548830039,28.611832991230482,77.22530060106837,0.15456402531974345,0.3382669133295453,engine
2024-01-01 10:01:38,59.37320902726828,28.614775711602505,77.22507136976833,0.15768670564260123,0.21634744650659155,engine
2024-01-01 10:01:39,65.04046515517844,28.607348711908138,77.2260356358387,0.15310314528302404,0.23548101350282225,engine
2024-01-01 10:01:40,58.929696400454425,28.604823788387904,77.22723175347326,0.2510251812564571,0.4761579314517461,engine
2024-01-01 10:01:41,48.021221074111516,28.606501372460038,77.23106989955367,0.3620735872320332,0.5683489602127252,engine
2024-01-01 10:01:42,58.8767195030917,28.608895152002333,77.23307083350022,0.1553563058069132,0.2837397293346841,engine
2024-01-01 10:01:43,67.57507710047305,28.60862474151424,77.21849039417633,0.28547643145908885,0.347565455827909,engine
2024-01-01 10:01:44,76.44967713501283,28.60875481980222,77.23288278481529,0.25350323263469987,0.41284539410612625,engine
2024-01-01 10:01:45,63.112501545435364,28.609360412042594,77.225222297797,0.25978517993650696,0.2969882014538919,engine
2024-01-01 10:01:46,52.436492547156966,28.602888731452012,77.2267671355788,0.1359286395457754,0.556210912295958,engine
2024-01-01 10:01:47,49.18451996385605,28.61843570817536,77.23440819878475,0.33675137158220153,0.39937687957162293,engine
2024-01-01 10:01:48,60.77368307647618,28.605693578993357,77.23761562038635,0.22949786386890383,0.2510321211182255,engine
2024-01-01 10:01:49,65.38910043684659,28.605621908733077,77.22308600134518,0.29377517239948037,0.4283113218675647,engine
2024-01-01 10:01:50,46.01432426180859,28.61281484618345,77.2267467871544,0.15597010721539173,0.3140380674775388,engine
2024-01-01 10:01:51,55.12874616235304,28.610242608139725,77.22584524941794,0.22311904809689848,0.5929514467634425,engine
2024-01-01 10:01:52,57.6105195313359,28.60546218168979,77.22711614334716,0.15126627621701977,0.4674572879697724,engine
2024-01-01 10:01:53,67.55391225825755,28.610496661527147,77.23375693561687,0.27148380684096995,0.3119916374641137,engine
2024-01-01 10:01:54,53.37376241054153,28.612852993342965,77.22618370421729,0.2522831136053365,0.2969638929660321,engine
2024-01-01 10:01:55,41.95117899335481,28.611298612508605,77.22547841687448,0.18658916597207675,0.4324952885690449,engine
2024-01-01 10:01:56,59.33920201352684,28.603944919001187,77.226740819461,0.20098128345817617,0.2537658707755897,engine
2024-01-01 10:01:57,60.47398671316414,28.615031464046073,77.22711554065239,0.17639219642912918,0.4726010888895717,engine
2024-01-01 10:01:58,65.29804177915283,28.617207843103287,77.21764177749937,0.2046604799628986,0.5718116576991303,engine
2024-01-01 10:01:59,52.03104744529523,28.611855729366855,77.22698007406642,0.3815021370463114,0.27249322646626406,engine
2024-01-01 10:02:00,60.865897874729,28.60922161382304,77.2358389103083,0.14193171298788687,0.518106924743956,engine
2024-01-01 10:02:01,62.54420843301213,28.607561968879637,77.22783720906091,0.1492797393792979,0.5258298880925528,engine
2024-01-01 10:02:02,62.89774856896413,28.620377003993227,77.23435562351716,0.21773353222679065,0.5266397757886307,engine
2024-01-01 10:02:03,56.73976467832159,28.59980937732411,77.22495956844541,0.23880393570088196,0.32055114966565684,engine
2024-01-01 10:02:04,60.184183791895514,28.618382186561377,77.23163463686882,0.21516736641196343,0.4174211444455954,engine
2024-01-01 10:02:05,57.80899471191136,28.611178072790544,77.23385432596943,0.13506941221250923,0.57593284944539,engine
2024-01-01 10:02:06,45.214137542201584,28.615718770216034,77.23169248203747,0.2860218267785541,0.4133844367905286,engine
2024-01-01 10:02:07,55.847120860991986,28.61090933127529,77.2312411029315,0.14550246391982535,0.3246888271182193,engine
2024-01-01 10:02:08,68.30335816544246,28.605719580870456,77.2303578311861,0.3287376057222072,0.5507062547046997,engine
2024-01-01 10:02:09,55.223425532348834,28.61518769972129,77.22744991800573,0.13318952108656218,0.5385809166938073,engine
2024-01-01 10:02:10,57.30125064706629,28.60510618142109,77.22777853369962,0.16877541856979245,0.4889010273572265,engine
2024-01-01 10:02:11,63.77300493044852,28.614348029600528,77.23677818929403,0.3081845333401301,0.41708977733903846,engine
2024-01-01 10:02:12,52.26210800896427,28.603776726483442,77.22110639875548,0.23860174109323984,0.578913335844726,engine
2024-01-01 10:02:13,74.96044311489183,28.611399843131597,77.2243725547635,0.2517666036653398,0.4445816941738591,engine
2024-01-01 10:02:14,61.09394794604893,28.613628833119492,77.23240504615869,0.31217159029401964,0.26101561716570454,engine
2024-01-01 10:02:15,62.23884024279131,28.619410122482375,77.23672710023078,0.22723920139071582,0.4945776942498891,engine
2024-01-01 10:02:16,50.10395179741419,28.6093710653995,77.23027862456145,0.2773826307234788,0.3596010815480521,engine
2024-01-01 10:02:17,70.94191518470949,28.609209960507105,77.22786559465027,0.3408560345794035,0.20185280920184115,engine
2024-01-01 10:02:18,49.87895624739832,28.601725716640672,77.23411585291981,0.2039037983097884,0.33878128075849107,engine
2024-01-01 10:02:19,60.73317967188404,28.60832107650355,77.23834510762646,0.1673814468819946,0.3809758064530774,engine
2024-01-01 10:02:20,57.54256935914056,28.60863638215126,77.21651556678529,0.37445377032043003,0.34495755964665326,engine
2024-01-01 10:02:21,59.45705133482188,28.619244780474727,77.23563282514775,0.1039283369765001,0.4654149488066842,engine
2024-01-01 10:02:22,57.31111309445169,28.60446737045629,77.24286679901626,0.12012294321652825,0.4999841881596711,engine
2024-01-01 10:02:23,60.59218434014488,28.610990423803838,77.22927819794039,0.16154189214460216,0.27627508826546665,engine
2024-01-01 10:02:24,59.672467297840015,28.607282876144332,77.22643577108661,0.33265828500850325,0.381315533899211,engine
2024-01-01 10:02:25,61.064302276918966,28.596745150958036,77.23545753425961,0.22022891826259783,0.42385613252328713,engine
2024-01-01 10:02:26,56.573124059196516,28.60814279567002,77.22296244152642,0.29319986297170475,0.3634936684392386,engine
2024-01-01 10:02:27,52.22183312409125,28.614678391965736,77.23635777547497,0.10812879775104506,0.2887888647731798,engine
2024-01-01 10:02:28,67.21672064043236,28.604354741143915,77.22737739866861,0.2958238323555624,0.2952731124186906,engine
2024-01-01 10:02:29,64.89374561227918,28.608798373009208,77.22812589596225,0.31668007955669775,0.5422785872425142,engine
2024-01-01 10:02:30,56.3903383418092,28.615796649016822,77.224594683362,0.187944319078304,0.5585343274084479,engine
2024-01-01 10:02:31,66.15935606944264,28.61163066511121,77.22374443211808,0.22642736517774942,0.5570686844307899,engine
2024-01-01 10:02:32,54.772769794809605,28.615245046129186,77.22647828154729,0.27708848275444237,0.3072254563291505,engine
2024-01-01 10:02:33,45.91538703636441,28.603597853237517,77.23877397090993,0.2656141542555941,0.37445061165412663,engine
2024-01-01 10:02:34,62.11017467202618,28.609516434440646,77.22727540456596,0.3605403927693739,0.39497247929980545,engine
2024-01-01 10:02:35,63.991361143520706,28.61057113824331,77.23075150880732,0.22756405134077007,0.20898772332804696,engine
2024-01-01 10:02:36,63.07801768892059,28.601449158036715,77.22325907288948,0.14180682222184726,0.5339720947197196,engine
2024-01-01 10:02:37,67.43264094022715,28.610092169665325,77.23173790852681,0.15150378575449105,0.30892293060774756,engine
2024-01-01 10:02:38,61.958452550976816,28.605108136111923,77.23204126377857,0.2954261165055593,0.5318967214828807,engine
2024-01-01 10:02:39,42.9741639576216,28.611280148671568,77.23491345491973,0.28015505813009606,0.4660146698185022,engine
2024-01-01 10:02:40,41.59125768668355,28.60360211516632,77.22687590711152,0.14988501062682383,0.49521344657054817,engine
2024-01-01 10:02:41,60.26091050210834,28.610933833822386,77.22622308533823,0.17360473290439632,0.3557182456167906,engine
2024-01-01 10:02:42,50.76766753889096,28.603241576971918,77.22512063373512,0.2699213920890692,0.3904201608796398,engine
2024-01-01 10:02:43,70.5364179660784,28.612466589504404,77.23092418061847,0.3197716291630751,0.28597615143630273,engine
2024-01-01 10:02:44,54.24362173762226,28.610610049073227,77.24280042269135,0.20027316724508826,0.5083648814983288,engine
2024-01-01 10:02:45,59.0394010027535,28.609825057547514,77.23885400317818,0.3065207189283209,0.37393093544149847,engine
2024-01-01 10:02:46,67.07751935455475,28.607187666120527,77.23316203869528,0.18164354116898884,0.4360922667476348,engine
2024-01-01 10:02:47,69.7255444962673,28.606364314120874,77.22876240682224,0.3751940726386729,0.25472745236758454,engine
2024-01-01 10:02:48,59.25566570899954,28.613103360487752,77.23088850500467,0.36188375076292256,0.49288995456382445,engine
2024-01-01 10:02:49,46.64655641289899,28.612798952239654,77.23540390362778,0.3076829693553558,0.5396782606261277,engine
2024-01-01 10:02:50,59.29834288541353,28.601695195332418,77.23214809109567,0.15417260353820006,0.42717809222105174,engine
2024-01-01 10:02:51,62.076876871631114,28.604594717297957,77.23526576426667,0.3773188586129592,0.588423298066147,engine
2024-01-01 10:02:52,59.60444846143345,28.61340750348686,77.23014159188065,0.19573014197297672,0.5315661896602709,engine
2024-01-01 10:02:53,60.297561394957455,28.610480603884703,77.22768862355647,0.16900265118631091,0.24822675431091154,engine
2024-01-01 10:02:54,62.22133771633713,28.607606256891682,77.23627878062787,0.11960690223968272,0.32611613513224413,engine
2024-01-01 10:02:55,51.05392697780496,28.61723488942177,77.23098277388256,0.19562575087962097,0.4503565505748036,engine
2024-01-01 10:02:56,62.67050265869259,28.614448153978117,77.23041141994638,0.38172030955386893,0.5195132943094661,engine
2024-01-01 10:02:57,70.65480375065351,28.6074135577495,77.23704673720093,0.2439626860911727,0.45100218528734803,engine
2024-01-01 10:02:58,55.54497478599228,28.61726692238559,77.23789786072865,0.1716331437304907,0.24418964525255787,engine
2024-01-01 10:02:59,54.771399728467316,28.603277747444828,77.22540674026759,0.18889243613679704,0.29344310041996396,engine
2024-01-01 10:03:00,59.65315112613219,28.611171073662682,77.23775250246408,0.16547616635951928,0.5799844735800901,engine
2024-01-01 10:03:01,50.016459592612094,28.614921611992383,77.22893005577887,0.38341960668742314,0.38696060449994785,engine
2024-01-01 10:03:02,48.772779784377015,28.611912048730918,77.23083226104107,0.28232103846365775,0.4050754044066034,engine
2024-01-01 10:03:03,64.92451264008149,28.606811300078743,77.227345015225,0.16614586272105264,0.2745753048577018,engine
2024-01-01 10:03:04,53.62612872693482,28.615945082655536,77.23710252123995,0.3088061854161377,0.261558362535942,engine
2024-01-01 10:03:05,54.29253706250524,28.607238884778596,77.23316465908879,0.16714528444678695,0.41478976915736543,engine
2024-01-01 10:03:06,75.47505201330061,28.618979388365478,77.22693605654759,0.36662442396069317,0.5822605992919013,engine
2024-01-01 10:03:07,56.122984400640156,28.611429326953623,77.23167228394993,0.29657259419170656,0.4203429482436557,engine
2024-01-01 10:03:08,58.2305277250595,28.606008513777308,77.22310340385994,0.3170260341065755,0.39835029403150835,engine
2024-01-01 10:03:09,52.69069960058081,28.607411943504818,77.2311189397582,0.3553620742146306,0.3980586108055897,engine
2024-01-01 10:03:10,85.26932425873622,28.607345656135397,77.22755280278741,0.3034048457677191,0.4262927855983164,engine
2024-01-01 10:03:11,70.44160877069072,28.61291964092663,77.22820353954607,0.3392278064820785,0.4633807338633702,engine
2024-01-01 10:03:12,68.20482181197364,28.612536370155535,77.23533337344794,0.2855834134645553,0.5010866558230564,engine
2024-01-01 10:03:13,71.69295590445672,28.609164409598414,77.23073356843217,0.20053565627774259,0.4974033025166431,engine
2024-01-01 10:03:14,63.686733088729014,28.608033305938363,77.23014372411468,0.10191576151505008,0.3148152532699651,engine
2024-01-01 10:03:15,72.78451862607298,28.6109554953401,77.23023218274078,0.28954405810500056,0.30392143242566394,engine
2024-01-01 10:03:16,66.45484181141076,28.620816273616526,77.22846110882524,0.3283083707506085,0.4165066314704441,engine
2024-01-01 10:03:17,62.19150327663939,28.609523522338066,77.23139510762886,0.2897865679401845,0.572811242204007,engine
2024-01-01 10:03:18,55.535663854494715,28.61097044996449,77.23536815874931,0.12020518044063153,0.4328681840705093,engine
2024-01-01 10:03:19,49.7348470058894,28.615975233144624,77.22238406547609,0.11372261014375386,0.5486147224609506,engine
2024-01-01 10:03:20,54.410781527284115,28.611886059375323,77.23782762014618,0.30498861298195157,0.37836108255069933,engine
2024-01-01 10:03:21,59.34249738927012,28.602759930497918,77.2190059702169,0.14908714635750075,0.5179238194999718,engine
2024-01-01 10:03:22,49.787671828692865,28.613541782236496,77.23121900356885,0.2963533642843406,0.3093038107992837,engine
2024-01-01 10:03:23,54.359213692632714,28.613251005889794,77.22950412068111,0.22591819507783673,0.4554103790656342,engine
2024-01-01 10:03:24,44.74474829075261,28.606540459650592,77.22977206991823,0.3682297611037404,0.2919818423564345,engine
2024-01-01 10:03:25,62.43339449322692,28.60374230287905,77.23721882302037,0.3593074749518912,0.38928396267662285,engine
2024-01-01 10:03:26,63.42725346377704,28.612283766095768,77.23284883640116,0.3283071972828997,0.45048812865256616,engine
2024-01-01 10:03:27,64.47708560017315,28.610982605848506,77.23354501878795,0.33896118729285296,0.39260894060502005,engine
2024-01-01 10:03:28,53.2360769794073,28.619004702164553,77.22979921024678,0.11926268112254024,0.4327885607657595,engine
2024-01-01 10:03:29,45.69224897881952,28.614203217744944,77.22673688010349,0.19310858767707215,0.38208805963272047,engine
2024-01-01 10:03:30,55.47693680750923,28.597880603366853,77.22208048588257,0.3084945658379628,0.5440489588756818,engine
2024-01-01 10:03:31,67.60414656144297,28.605165119284354,77.22976144321929,0.17261350475875825,0.5946650373068585,engine
2024-01-01 10:03:32,59.963974609094315,28.604208176554035,77.23751699150884,0.26789460504607426,0.20390833896767346,engine
2024-01-01 10:03:33,68.77362290575671,28.61104191403974,77.21979132565788,0.12635994974345002,0.3402507724836723,engine
2024-01-01 10:03:34,49.983799901050844,28.60859449853557,77.23898843263426,0.3401760097327249,0.28006009769792406,engine
2024-01-01 10:03:35,66.4084286126701,28.61699677718293,77.23462316841457,0.10947584344769262,0.574484898497476,engine
2024-01-01 10:03:36,60.59630369920174,28.60676531611147,77.23349111656808,0.3142260796397284,0.5206912332279168,engine
2024-01-01 10:03:37,63.934853854217494,28.615247763576598,77.2273238239422,0.12403445391540255,0.557926662424211,engine
2024-01-01 10:03:38,73.17394065634326,28.61098799802346,77.24037630436312,0.25792079828083403,0.49263580870213275,engine
2024-01-01 10:03:39,53.10812181910432,28.60674290998193,77.22758057082973,0.3615350699776605,0.2876855949432177,engine
2024-01-01 10:03:40,65.228354880355,28.607131499980305,77.2298782270387,0.26660906528128936,0.4876807113089055,engine
2024-01-01 10:03:41,81.42270358611864,28.610190017390842,77.2306001566336,0.15986273527874356,0.4720912969725165,engine
2024-01-01 10:03:42,57.42623462576655,28.601657079630613,77.23199611561303,0.3228119563599944,0.37019733377923014,engine
2024-01-01 10:03:43,66.4719593970274,28.603871171684986,77.22267812559896,0.39629486912081735,0.21604367656499301,engine
2024-01-01 10:03:44,62.24451818559972,28.61523549151306,77.23841963845729,0.24600068242741088,0.5493692952326642,engine
2024-01-01 10:03:45,55.4111573713106,28.609136863500296,77.23441829968743,0.1830483391705155,0.4369401314373449,engine
2024-01-01 10:03:46,74.76540349725896,28.616900456770736,77.22687218649246,0.3147474894046266,0.5636130082662564,engine
2024-01-01 10:03:47,63.95803533437409,28.607248474230772,77.22664188316031,0.3914185282124919,0.2723907810837959,engine
2024-01-01 10:03:48,59.744459290085544,28.615863645096297,77.23271800077298,0.23359157650079967,0.40592694157187603,engine
2024-01-01 10:03:49,56.29385667913894,28.61574382850186,77.22130143110611,0.14905716177550685,0.3564326146607043,engine
2024-01-01 10:03:50,47.053185242790946,28.61580413393689,77.22766149399344,0.39094631352356346,0.3815158165534557,engine
2024-01-01 10:03:51,63.46503881730716,28.6103841094553,77.22358503887907,0.2011009529293859,0.5315533463530437,engine
2024-01-01 10:03:52,44.434181013402494,28.60785942419517,77.23750379895317,0.15011257237028497,0.26704768651532707,engine
2024-01-01 10:03:53,68.50221742113493,28.60839182474391,77.2403837399178,0.3532511346907592,0.5222680611800212,engine
2024-01-01 10:03:54,70.30283454031843,28.611193945795133,77.2287047892709,0.18092488345509689,0.22283474243572596,engine
2024-01-01 10:03:55,58.03650150915022,28.613638147718184,77.23025972942904,0.1118030622005529,0.24884396560401073,engine
2024-01-01 10:03:56,67.3264007721558,28.609596417099457,77.23039317595159,0.11247185771511764,0.25933728038483556,engine
2024-01-01 10:03:57,40.01799315467892,28.61458163837351,77.2317324423795,0.23642195669015775,0.4062384114317001,engine
2024-01-01 10:03:58,80.88374704780728,28.609302051859224,77.23554091408369,0.16055603563688453,0.4693729733299669,engine
2024-01-01 10:03:59,49.60094072874469,28.606881155196522,77.23957015676933,0.36044267631325166,0.27085991577895435,engine
2024-01-01 10:04:00,68.70067730688754,28.612478409439863,77.23075209452573,0.24915242920252823,0.4471388960804855,engine
2024-01-01 10:04:01,63.64961002466225,28.611005495233574,77.23525327198004,0.10911611790905107,0.5723794782027911,engine
2024-01-01 10:04:02,71.05525932957984,28.6159351515278,77.23319365111016,0.21815932169624758,0.46049319081659684,engine
2024-01-01 10:04:03,48.569950872695166,28.611513177326195,77.22622862074991,0.39982411773119997,0.2192848155442224,engine
2024-01-01 10:04:04,59.35861653407007,28.61164381205152,77.23160678607725,0.2701048782960004,0.4953796837005306,engine
2024-01-01 10:04:05,64.21920754235285,28.608779216823546,77.23482043584144,0.19810994846897162,0.46703735422543385,engine
2024-01-01 10:04:06,65.97400069849859,28.613505863711556,77.2285121824832,0.3453502648525065,0.2480836221482434,engine
2024-01-01 10:04:07,73.75706813311619,28.60913464087858,77.23007789523791,0.1973757489700811,0.34658461394855916,engine
2024-01-01 10:04:08,75.94505063224972,28.605765193258406,77.22504303825272,0.17126323926229825,0.349300716651736,engine
2024-01-01 10:04:09,38.466098863962856,28.618210075800683,77.23504908544672,0.28584710380288436,0.38539761752022894,engine
2024-01-01 10:04:10,69.81765486991594,28.608375843082456,77.21750297142563,0.10769261974193071,0.33649913105046253,engine
2024-01-01 10:04:11,82.90942572590743,28.603052137666182,77.22177300626522,0.27405171076819973,0.41344101869075134,engine
2024-01-01 10:04:12,73.84272818510519,28.61281954560026,77.23297377170833,0.3866571087864804,0.20729303307054467,engine
2024-01-01 10:04:13,68.53415558780307,28.613794642948932,77.23140595711985,0.1730446889728898,0.5708138179185227,engine
2024-01-01 10:04:14,52.46035411133324,28.608596624615664,77.22153521592902,0.18546187058857688,0.32291598597051463,engine
2024-01-01 10:04:15,59.0166037320525,28.61089947075577,77.23696001143173,0.1933923097468011,0.44413351332436735,engine
2024-01-01 10:04:16,50.10371863429663,28.61470385593994,77.22508756303232,0.1543448048604041,0.4724471415859931,engine
2024-01-01 10:04:17,57.753668500029754,28.61052687753073,77.22332987252541,0.3127138785167298,0.24275076923789754,engine
2024-01-01 10:04:18,44.070062664683306,28.6122023736898,77.22990181100538,0.34179776493254743,0.4200906168625047,engine
2024-01-01 10:04:19,65.52489954417148,28.61062612251324,77.22785297229437,0.3854210026619972,0.4406447280585325,engine
2024-01-01 10:04:20,60.48860070325704,28.610202958456018,77.22649004156096,0.28329429665529754,0.3644113879226819,engine
2024-01-01 10:04:21,53.37099082449052,28.603780683823043,77.22653547401103,0.3341576545731586,0.3099224142192544,engine
2024-01-01 10:04:22,57.05050321707972,28.61623871036337,77.22663254687879,0.2871577974029719,0.38070707149489164,engine
2024-01-01 10:04:23,62.78994162223802,28.60406200790485,77.23154910355115,0.3210621234832547,0.5451188310172914,engine
2024-01-01 10:04:24,58.147123411222914,28.609350896501333,77.2302190573599,0.28212821082663425,0.41867896508562796,engine
2024-01-01 10:04:25,58.529979983715116,28.60721254107496,77.22315098510211,0.278342900555852,0.39870674354366775,engine
2024-01-01 10:04:26,51.963254320302696,28.61819558402722,77.23838850407039,0.30773084539731094,0.5965023974808753,engine
2024-01-01 10:04:27,54.46411758292005,28.612844915395925,77.23814198311565,0.18224819996794178,0.23176774759559465,engine
2024-01-01 10:04:28,54.18319086051356,28.604926216346534,77.22675361227468,0.12082715282382803,0.40762391636330814,engine
2024-01-01 10:04:29,47.760597332377436,28.611168929558954,77.22222052176899,0.3640237262684375,0.4603509476188777,engine
2024-01-01 10:04:30,40.062643574285445,28.61187028284924,77.23613834496237,0.39824180836635026,0.46473567593975146,engine
2024-01-01 10:04:31,47.90358981308795,28.618362861934187,77.23209509504683,0.23956168368511546,0.2240569370403141,engine
2024-01-01 10:04:32,65.58326912521723,28.61038002695706,77.23269377996223,0.16028010659771696,0.4143310737892325,engine
2024-01-01 10:04:33,50.79326406920634,28.609443869693255,77.22548046179269,0.32684899866857386,0.33902860969559284,engine
2024-01-01 10:04:34,70.9131012059427,28.613045690604537,77.22453843617664,0.39774505064751264,0.570800387169718,engine
2024-01-01 10:04:35,56.83591550305198,28.616065488499896,77.2307085845682,0.25628739318161264,0.4494342752011039,engine
2024-01-01 10:04:36,61.92049116490031,28.60845441767899,77.23066770452391,0.3346084263011158,0.48349787909719055,engine
2024-01-01 10:04:37,58.47530163619456,28.60607005269746,77.22334383523221,0.12629282402915157,0.574783129212425,engine
2024-01-01 10:04:38,41.637946268967035,28.612539956634564,77.22448316696914,0.2801783000081852,0.40627177107859913,engine
2024-01-01 10:04:39,38.471094070475175,28.6099696454423,77.23419245387227,0.39764740444699387,0.5405699830980383,engine
2024-01-01 10:04:40,60.81829358547565,28.609505551734042,77.23459538241494,0.3604170070322351,0.5223701600470485,engine
2024-01-01 10:04:41,57.097254558113484,28.606659547731784,77.23496021174769,0.12427578491537566,0.3611920715060646,engine
2024-01-01 10:04:42,65.36509843570404,28.605507660091043,77.23014090578685,0.29229162320359964,0.5289922254537444,engine
2024-01-01 10:04:43,59.90881003355796,28.609874865206272,77.23408883149601,0.2818758813252933,0.5059239203611982,engine
2024-01-01 10:04:44,60.103526198433805,28.603440818838248,77.22467443168463,0.21026032668745945,0.22726892375419744,engine
2024-01-01 10:04:45,56.94775295645332,28.610283249624484,77.23264846377178,0.38974664834596606,0.37299915133205275,engine
2024-01-01 10:04:46,60.6447441481012,28.60012266716823,77.22530332303091,0.2922478944070619,0.28641527300383984,engine
2024-01-01 10:04:47,58.55912444278385,28.61765375416172,77.23609380925849,0.14560745593859445,0.22453985084426728,engine
2024-01-01 10:04:48,57.86557129069792,28.61745363068425,77.23074333728601,0.3951036775790241,0.29567204168637023,engine
2024-01-01 10:04:49,56.629140288819606,28.606932986682295,77.22848765156756,0.3076484025082396,0.22491671925202508,engine
2024-01-01 10:04:50,61.60573981049865,28.610015230100768,77.23218469084874,0.1918760862359835,0.4495583345166554,engine
2024-01-01 10:04:51,71.90646274786342,28.59723039432549,77.2346715995562,0.13921311302205985,0.5546416860961867,engine
2024-01-01 10:04:52,46.33121301584579,28.608876172990534,77.2241494348697,0.3482613686700623,0.49344575222456083,engine
2024-01-01 10:04:53,41.9801956241998,28.607117447996366,77.21704478853928,0.10575768304691702,0.3039252834980137,engine
2024-01-01 10:04:54,54.53755551747517,28.61195902002701,77.22260544215614,0.10363623239316799,0.2964805830398166,engine
2024-01-01 10:04:55,61.83359919779156,28.609923450754135,77.23289645749801,0.13292085960325106,0.41918379558947716,engine
2024-01-01 10:04:56,71.96571501664491,28.609207352134863,77.22986347730246,0.14501459940819528,0.329870370756024,engine
2024-01-01 10:04:57,50.667320409268044,28.60913526970038,77.23855854240071,0.21276648554373082,0.3577905114280141,engine
2024-01-01 10:04:58,74.71170327493608,28.60895338161424,77.2266546363067,0.3064404118259627,0.3750412496221568,engine
2024-01-01 10:04:59,70.39904687396077,28.613389629356696,77.22756044295927,0.1115279046886975,0.5607047968541694,engine
2024-01-01 10:05:00,81.57308213265503,28.606971425384984,77.23371047686005,0.29100090465016226,0.4455734339040247,engine
2024-01-01 10:05:01,62.99292580406492,28.61016002074533,77.22623291064828,0.14505070024511252,0.4949735074885942,engine
2024-01-01 10:05:02,80.13387247526623,28.61068267665541,77.22817339224345,0.12137701832957759,0.204843390093955,engine
2024-01-01 10:05:03,61.84680305864909,28.603264368552352,77.22514192980745,0.20491096892375488,0.5098614124724727,engine
2024-01-01 10:05:04,49.5308901731806,28.612683263762637,77.23592852077331,0.17951392849750122,0.20837798441236513,engine
2024-01-01 10:05:05,67.18953310665067,28.614980238429027,77.22621602455716,0.2873990706562792,0.35277585586115834,engine
2024-01-01 10:05:06,56.77320161157864,28.608745834917723,77.23664097070925,0.2931712760623392,0.4121208532996633,engine
2024-01-01 10:05:07,65.5623000940066,28.606782408848098,77.23463920064042,0.39399109880765526,0.44075263585452884,engine
2024-01-01 10:05:08,75.28468426412532,28.612539178781446,77.23269148039525,0.13842872390986002,0.33530700239779937,engine
2024-01-01 10:05:09,70.72507337309803,28.604775954029893,77.22016821705313,0.23182149690833567,0.44517583299781016,engine
2024-01-01 10:05:10,57.78746376414228,28.608615933500555,77.23153703348905,0.18577203677174806,0.526378775587447,engine
2024-01-01 10:05:11,68.15737212539297,28.60916439143107,77.23141289975244,0.3265125786238835,0.38421579890965596,engine
2024-01-01 10:05:12,64.90974951638252,28.61367438893025,77.23331440634334,0.15322863084091207,0.4180107675587753,engine
2024-01-01 10:05:13,71.73473857485325,28.611998439758764,77.22674321553104,0.34533559895708354,0.2854045465242688,engine
2024-01-01 10:05:14,72.38283071433636,28.61010635788368,77.231544165063,0.2771043071376319,0.40334421876651194,engine
2024-01-01 10:05:15,77.02214944635239,28.612827548228157,77.22119618620422,0.30666559061502724,0.549329166344323,engine
2024-01-01 10:05:16,72.89752754082745,28.61336590675635,77.22930772008009,0.10279948594812799,0.2986715458086492,engine
2024-01-01 10:05:17,47.757017637106344,28.60895488371357,77.22574739772895,0.3400212906097479,0.2816142538515595,engine
2024-01-01 10:05:18,76.69904504351406,28.611973357649113,77.22402058468982,0.20661537060572185,0.5135167137941589,engine
2024-01-01 10:05:19,64.4460266822014,28.609329914166636,77.23007344097365,0.3282972280084282,0.21412454197609565,engine
2024-01-01 10:05:20,52.151016869177596,28.61324140216922,77.22939525925696,0.19807948490142374,0.2595552201329779,engine
2024-01-01 10:05:21,64.19532443907028,28.61361190678914,77.22813583423955,0.3989003012881742,0.34732381220273933,engine
2024-01-01 10:05:22,77.26963851233405,28.608001819071927,77.23112342362876,0.21745770945334883,0.3650487363394495,engine
2024-01-01 10:05:23,69.3259083187309,28.60237171842715,77.23631292051714,0.3382591993831253,0.23719625592925286,engine
2024-01-01 10:05:24,54.481418541075534,28.62279099642834,77.22717876200672,0.2739951362284394,0.42459383518380944,engine
2024-01-01 10:05:25,61.84551303197037,28.62030751788318,77.23604183115297,0.30294038116790867,0.5219955998723078,engine
2024-01-01 10:05:26,67.78361076166638,28.607244071418357,77.22590900558289,0.11756527877319377,0.33369532747842434,engine
2024-01-01 10:05:27,59.96625542589048,28.61348193723728,77.23477652604285,0.336584489401722,0.4069076225766437,engine
2024-01-01 10:05:28,48.58310885866495,28.6090317027036,77.22641588839699,0.12658012890388518,0.2882447810844845,engine
2024-01-01 10:05:29,41.3346338292694,28.61756724871621,77.23315405842278,0.399504253417885,0.573245332537423,engine
2024-01-01 10:05:30,49.758131756707954,28.619270462831672,77.23610516847764,0.13550085727701622,0.3639619558785153,engine
2024-01-01 10:05:31,65.82097703468615,28.608138966119643,77.23544374309853,0.271561681368156,0.4351077443448793,engine
2024-01-01 10:05:32,55.11150578213726,28.604401912833556,77.23070443123456,0.18961767207663194,0.5762716980461362,engine
2024-01-01 10:05:33,42.31560634437149,28.60766981749066,77.22202648466367,0.3618190751453806,0.5367734267167235,engine
2024-01-01 10:05:34,65.13600106569717,28.60733649580169,77.22415041582146,0.14004399172478316,0.23224060550284986,engine
2024-01-01 10:05:35,31.277377867183507,28.609862425474745,77.23886125798336,0.23105521078455388,0.4918032914609587,engine
2024-01-01 10:05:36,53.97787939638219,28.612343871280373,77.22500807280406,0.3254125258087137,0.4627820625068558,engine
2024-01-01 10:05:37,63.01791899819466,28.6094992296176,77.22898163124911,0.1785117051207718,0.2987915196287999,engine
2024-01-01 10:05:38,57.73521108098473,28.61183682753408,77.23456792313117,0.23492195273516203,0.5106842227820725,engine
2024-01-01 10:05:39,51.96821049319655,28.60989316352826,77.22626394160426,0.1100840800549848,0.22506128138214182,engine
2024-01-01 10:05:40,35.75759739727059,28.614420226981803,77.23368421948547,0.10654701903264685,0.4655158744702356,engine
2024-01-01 10:05:41,57.18672442881787,28.610334953586126,77.23257969608852,0.38104673860992755,0.22090315171440952,engine
2024-01-01 10:05:42,44.374541431134574,28.607354736613267,77.23397132339811,0.15942928982792204,0.4261321018286439,engine
2024-01-01 10:05:43,47.45710576830751,28.612332149912167,77.22982179258851,0.28255818180894,0.3398025488347275,engine
2024-01-01 10:05:44,52.65408423201951,28.605948737814927,77.23100284598615,0.25701727341230995,0.245907548747687,engine
2024-01-01 10:05:45,71.48637349428715,28.61214408250165,77.23346552803632,0.12030050857000049,0.4831340388919075,engine
2024-01-01 10:05:46,51.724097793512804,28.61043071941523,77.22463930494007,0.14973236204898274,0.5782792588001129,engine
2024-01-01 10:05:47,30.78649516505393,28.612182799020786,77.23451967420543,0.23868866830018218,0.3647062166338034,engine
2024-01-01 10:05:48,66.19154261005198,28.62028747734856,77.23010396853839,0.34192108516985187,0.3836959510387832,engine
2024-01-01 10:05:49,52.71997058770866,28.606770179104377,77.22600403996675,0.1494119060296888,0.33208602594859904,engine
2024-01-01 10:05:50,61.22670315994795,28.618123392292347,77.23161539636558,0.36387455648545886,0.5482313700184027,engine
2024-01-01 10:05:51,57.47646497873713,28.60854094365542,77.22218404595652,0.3954968968422625,0.5088049905239962,engine
2024-01-01 10:05:52,68.83109777147159,28.609610814014935,77.22909760043206,0.1316421099869892,0.4627120418897176,engine
2024-01-01 10:05:53,91.93107567844861,28.60786821201897,77.23574222854599,0.3326835552775983,0.5857906615603246,engine
2024-01-01 10:05:54,61.13270410537764,28.60280861010841,77.23459614467288,0.2732780097643473,0.4538329670201215,engine
2024-01-01 10:05:55,53.31855914461006,28.607763390521704,77.23640508180868,0.37452702052211306,0.41321154689845596,engine
2024-01-01 10:05:56,64.84732817294474,28.605768216725046,77.22678225083841,0.3571537770996259,0.5624573019063066,engine
2024-01-01 10:05:57,70.29960817581161,28.608326123339467,77.22798175768379,0.15526745177140786,0.5575958840031481,engine
2024-01-01 10:05:58,50.44877420650647,28.612117995327967,77.24031262459621,0.125039225496815,0.5529665473629355,engine
2024-01-01 10:05:59,49.32467085745727,28.610121097283365,77.23706110277708,0.3901379845777512,0.36710439171003983,engine
2024-01-01 10:06:00,49.376064718531204,28.61214153548604,77.22906427867498,0.1486700217347438,0.20504300799030362,engine
2024-01-01 10:06:01,69.85729995679863,28.615936930257824,77.2429478182101,0.3158060867107476,0.5561032212071209,engine
2024-01-01 10:06:02,61.94384301577336,28.608234168535947,77.23169241921731,0.3457190541584969,0.41631750199421774,engine
2024-01-01 10:06:03,57.04598589860971,28.6049672871736,77.23569939280564,0.2413503696798444,0.5286547590841886,engine
2024-01-01 10:06:04,38.78145100991405,28.606960890064528,77.23648497273281,0.20056241421126184,0.2695046372542975,engine
2024-01-01 10:06:05,59.77131937701118,28.61420310013252,77.23273366784102,0.13019124355706002,0.29594964510237787,engine
2024-01-01 10:06:06,56.08241850956178,28.605387949077507,77.23807687844734,0.29534427546450226,0.44837142699137245,engine
2024-01-01 10:06:07,56.7767953078866,28.61499155449074,77.22784189843641,0.2413861502194494,0.5916419752060618,engine
2024-01-01 10:06:08,50.96298139269872,28.611621796408606,77.2241048010442,0.3058981590058293,0.2278564592649623,engine
2024-01-01 10:06:09,71.87679388461564,28.61141643935773,77.22870547513148,0.1681538671070545,0.5348164500971759,engine
2024-01-01 10:06:10,68.71297297457244,28.603270101598767,77.23063189789774,0.19159320300901939,0.28505775054843846,engine
2024-01-01 10:06:11,79.38928999058285,28.612569539248295,77.2308979089097,0.3613613446789157,0.506425910614121,engine
2024-01-01 10:06:12,66.3472146856177,28.61554849920978,77.23204909328464,0.30121969357175027,0.42417625239217593,engine
2024-01-01 10:06:13,57.58742345381457,28.609336831268088,77.22512735347665,0.2381074813605779,0.545825443809068,engine
2024-01-01 10:06:14,38.27330453985964,28.61423710838575,77.22732335907024,0.32197123623007917,0.5672306208796603,engine
2024-01-01 10:06:15,59.094667176958396,28.613547259085696,77.22782256814716,0.18766546913856935,0.564308064657566,engine
2024-01-01 10:06:16,67.38810480887503,28.613076837420063,77.22532280648979,0.34881839945765414,0.31260847936597197,engine
2024-01-01 10:06:17,70.85982116175032,28.611836436567007,77.23919091838398,0.12896034105863224,0.2967575313035356,engine
2024-01-01 10:06:18,59.805803941122676,28.60848410108583,77.23399970950972,0.18917134231258517,0.31996764460279387,engine
2024-01-01 10:06:19,43.83689391563412,28.61475153795987,77.23855306686292,0.3676907494418957,0.2741320718114858,engine
2024-01-01 10:06:20,58.955507814625285,28.60915589138405,77.23035026081557,0.11909227278599271,0.5325494057542839,engine
2024-01-01 10:06:21,71.6187830260819,28.605363234329047,77.23119184491368,0.12815718544700688,0.563850727774637,engine
2024-01-01 10:06:22,69.7519762978243,28.612505470849698,77.230947908083,0.2552339055265124,0.37217096412839606,engine
2024-01-01 10:06:23,70.01046092567141,28.606729621584364,77.22084683551572,0.33216389671904695,0.44076937240605263,engine
2024-01-01 10:06:24,58.62551485372308,28.614764372736015,77.23806139128995,0.2775091486918977,0.48105350923420653,engine
2024-01-01 10:06:25,73.14914453584048,28.610377168194507,77.22199017094051,0.1312674408425043,0.35380453105792503,engine
2024-01-01 10:06:26,81.70942717497815,28.609120570937836,77.23061602403392,0.32307817485296797,0.4025064237980811,engine
2024-01-01 10:06:27,65.51485376040468,28.606886753191326,77.23097303727619,0.17631747425255412,0.34474123728205547,engine
2024-01-01 10:06:28,53.882309090947146,28.609814816014758,77.22785348887741,0.39145980727031526,0.3325388028412203,engine
2024-01-01 10:06:29,53.07579020126144,28.60296841268164,77.22958447213686,0.2832340213227305,0.3122732862063897,engine
2024-01-01 10:06:30,60.824397529345035,28.602712242502676,77.22845395461475,0.3407757038739439,0.4288194573477203,engine
2024-01-01 10:06:31,52.478435944094166,28.60062413765177,77.23057513039574,0.37952611582984497,0.35880601649487665,engine
2024-01-01 10:06:32,62.131966282376894,28.606240153341304,77.22840473032167,0.2522235816153427,0.5496890098740703,engine
2024-01-01 10:06:33,52.03974143196511,28.619505953428764,77.22969669593093,0.3978450516997212,0.25259564795919265,engine
2024-01-01 10:06:34,52.91593233089537,28.602431428036937,77.22098430161873,0.3722833007669665,0.4856130577867426,engine
2024-01-01 10:06:35,44.158640569945106,28.60209404648984,77.23447519157038,0.34713711526638846,0.5820242045939956,engine
2024-01-01 10:06:36,55.1693894831656,28.61073396505993,77.23806110314128,0.13434629141977156,0.3535355532179918,engine
2024-01-01 10:06:37,68.96839315865532,28.599240922993353,77.2264042334038,0.13630750014555792,0.36757911607499016,engine
2024-01-01 10:06:38,58.68743032907695,28.610384259414793,77.22887572009097,0.38251771348567754,0.4674290586891656,engine
2024-01-01 10:06:39,53.4999741917654,28.604548004612784,77.23705466189874,0.27809823736256156,0.20405247361109735,engine
2024-01-01 10:06:40,67.08214423256557,28.611166080656318,77.23476568316957,0.31719191663982815,0.24822336656147612,engine
2024-01-01 10:06:41,62.87124165201824,28.604281368963395,77.23054279852889,0.10351198321927123,0.3688137040510556,engine
2024-01-01 10:06:42,58.71462488561069,28.60059075477251,77.2272563754613,0.1369009885371237,0.42345695858017013,engine
2024-01-01 10:06:43,60.928449011411146,28.61632853920432,77.22566912575893,0.2956874945775819,0.5382417451959627,engine
2024-01-01 10:06:44,53.53772690156197,28.618876554463046,77.22403181584122,0.19189404963346382,0.5155940639683173,engine
2024-01-01 10:06:45,69.19154173610002,28.61696232650032,77.228749767427,0.34672671210048356,0.5430249350645135,engine
2024-01-01 10:06:46,58.65691258529452,28.614054041365797,77.23396744360277,0.2113517270312883,0.4404296667200932,engine
2024-01-01 10:06:47,42.51468026761819,28.61516273102171,77.23563352568414,0.21236586610603642,0.2667440806795011,engine
2024-01-01 10:06:48,48.94295331514064,28.608925394848555,77.22845982857908,0.14633792416699715,0.21017910396230036,engine
2024-01-01 10:06:49,67.7966053226934,28.616551543730598,77.23697841905395,0.20218124997438752,0.22868475553906042,engine
2024-01-01 10:06:50,43.1656180777905,28.60597064966752,77.23482425816549,0.20937811845926202,0.28715702170199603,engine
2024-01-01 10:06:51,76.15582823548232,28.609867971215206,77.2314008057941,0.3064822707340712,0.25622118703134433,engine
2024-01-01 10:06:52,55.26160652929084,28.60992773864561,77.23273142124002,0.2152620138957401,0.21559840502996463,engine
2024-01-01 10:06:53,60.064222698109376,28.609558185203973,77.2281499448506,0.1480074809389582,0.2093408385312744,engine
2024-01-01 10:06:54,57.41203937332897,28.617993235852524,77.2328045972397,0.1348416880601577,0.5823675315821277,engine
2024-01-01 10:06:55,57.045196819708394,28.613484772022552,77.22833090255122,0.28088286294383846,0.530682943896595,engine
2024-01-01 10:06:56,58.92697855995771,28.61223858462905,77.22214561923965,0.26242228220427555,0.2616580172713948,engine
2024-01-01 10:06:57,48.73232531090195,28.618662574997426,77.24115650073097,0.328570543781461,0.5334599847750342,engine
2024-01-01 10:06:58,41.989422658472606,28.60728663100133,77.22606108124046,0.11729427465970747,0.33697919153388534,engine
2024-01-01 10:06:59,53.79152401748884,28.60010350094812,77.23373955128059,0.27414028029810883,0.2556786805382782,engine
2024-01-01 10:07:00,80.74082669749973,28.605403077042066,77.21734856238628,0.39815451666990953,0.5521259048595708,engine
2024-01-01 10:07:01,57.139957781198895,28.615504798174992,77.2397917372711,0.28619814394737525,0.2805248431289733,engine
2024-01-01 10:07:02,55.34689543219947,28.60947025822848,77.24322171673509,0.1683249208309629,0.5856115388662055,engine
2024-01-01 10:07:03,44.970296716048466,28.611268698307473,77.23233846585883,0.26001598862960884,0.5479876638590739,engine
2024-01-01 10:07:04,63.08050539504102,28.60804175716289,77.23134563470623,0.1827302704754071,0.5508362324072755,engine
2024-01-01 10:07:05,56.5680772450259,28.61188550196951,77.22985368593157,0.24502223079194402,0.545419009005818,engine
2024-01-01 10:07:06,42.26967531793119,28.61630960750357,77.2254713384957,0.3285394574133092,0.3546162027292111,engine
2024-01-01 10:07:07,53.4623366135118,28.599321628930106,77.2456887426683,0.2731837087699394,0.5462308582498209,engine
2024-01-01 10:07:08,59.451059993837134,28.611427770374288,77.2326056121419,0.272058685436672,0.5824188574447733,engine
2024-01-01 10:07:09,66.45215585950056,28.60901330789846,77.22924363358173,0.35618859008662673,0.37565992665349934,engine
2024-01-01 10:07:10,65.93556722280861,28.595298056826678,77.23327950388266,0.10573482832892922,0.3907373873271268,engine
2024-01-01 10:07:11,61.94736194718775,28.61562056359993,77.23473763231061,0.3077597294611324,0.25377405176324874,engine
2024-01-01 10:07:12,50.28343265458714,28.603101909176054,77.22686641387705,0.16321148916016098,0.5829792076152385,engine
2024-01-01 10:07:13,68.62393472382759,28.61476562522688,77.2325654271005,0.18838581890385797,0.205726111066824,engine
2024-01-01 10:07:14,67.25095786847997,28.612580891435574,77.22679259202388,0.3260283766770907,0.5075691128430564,engine
2024-01-01 10:07:15,64.31922544673941,28.615944566857372,77.23354151923601,0.35377643190331964,0.44544164569498335,engine
2024-01-01 10:07:16,59.7347874075094,28.60559062674386,77.22918466518028,0.22213194673768832,0.22640393765609665,engine
2024-01-01 10:07:17,52.55097355193551,28.606037900395,77.2284601923518,0.3424705630027667,0.5790752103857884,engine
2024-01-01 10:07:18,41.063853330462145,28.611066468536865,77.23000602737682,0.33835466334722464,0.48283459090667924,engine
2024-01-01 10:07:19,51.82911368931809,28.601962200678155,77.22618637610718,0.16971529691681436,0.31240179956348546,engine
2024-01-01 10:07:20,68.29474841931749,28.609030869306135,77.22867742579345,0.16780869934479992,0.45619041687033757,engine
2024-01-01 10:07:21,39.961376355932465,28.61029966315133,77.2313868846898,0.20734422523406468,0.45912697839621136,engine
2024-01-01 10:07:22,29.804878441791747,28.610919247723768,77.23900255590756,0.12153274186795392,0.47304688848936094,engine
2024-01-01 10:07:23,72.38946352939438,28.614035612983187,77.22513226900148,0.34676043831525905,0.521583403021008,engine
2024-01-01 10:07:24,70.6020990749888,28.623798300194554,77.2319620798359,0.18142281413401434,0.39867816912717857,engine
2024-01-01 10:07:25,54.910363742925014,28.606526434344556,77.22795358780944,0.288867309067521,0.22173281392916155,engine
2024-01-01 10:07:26,51.775800676177994,28.61560515333662,77.23000103532459,0.11405557255828094,0.3104678231283598,engine
2024-01-01 10:07:27,59.90699678861385,28.608360526417435,77.2307759534193,0.3518015477068007,0.20152796906343326,engine
2024-01-01 10:07:28,68.25098264667635,28.605664348921444,77.22670941755463,0.2080701756401284,0.30815731455381024,engine
2024-01-01 10:07:29,56.96273971223335,28.607618895632275,77.23437194590356,0.3366797415328022,0.5567488579242938,engine
2024-01-01 10:07:30,68.50897962167971,28.609313141058003,77.23195232424965,0.1267868573576719,0.47480770660129706,engine
2024-01-01 10:07:31,58.96778247067504,28.597805914208617,77.22932860418908,0.28981356362458033,0.4815428366537325,engine
2024-01-01 10:07:32,69.6539748459117,28.61618065360903,77.23044328795481,0.18941566259183296,0.2421459689003426,engine
2024-01-01 10:07:33,61.973157074055955,28.613078855748856,77.23601942218585,0.11445580371798887,0.34402018636039133,engine
2024-01-01 10:07:34,60.005279588565976,28.613006033744647,77.22278072591934,0.16266481720154913,0.3474828683459181,engine
2024-01-01 10:07:35,37.03819046862762,28.60745929901176,77.22926109840591,0.33027028855537555,0.3666017727615516,engine
2024-01-01 10:07:36,63.2674476460232,28.611502371798053,77.23311103572023,0.24168454124889455,0.5520626951685941,engine
2024-01-01 10:07:37,48.61166882219231,28.613352403086207,77.2246407138348,0.2823256366758168,0.31812059102873314,engine
2024-01-01 10:07:38,63.76409526097517,28.60548974222821,77.22565168459363,0.2934497812066942,0.3580523630446013,engine
2024-01-01 10:07:39,71.2543478441477,28.60549689632676,77.23319195962804,0.3670645007908524,0.3149638385862319,engine
2024-01-01 10:07:40,54.558859978858074,28.609186035469637,77.23020459587698,0.18027780301839147,0.5341920902968778,engine
2024-01-01 10:07:41,49.978125442185274,28.6088570004233,77.22502825312696,0.24785937533423402,0.36171589890194766,engine
2024-01-01 10:07:42,84.12615421612915,28.61392302143949,77.22990369810134,0.3890497722662766,0.4076129120518195,engine
2024-01-01 10:07:43,57.37109170791732,28.604095935923453,77.23557160847335,0.33219741344582876,0.509168592750446,engine
2024-01-01 10:07:44,64.38475738809727,28.61009808328847,77.23336430617984,0.13606216873617288,0.3062331331834424,engine
2024-01-01 10:07:45,65.91814133741379,28.61050928147631,77.23774510075748,0.20442867795048644,0.3486957179625321,engine
2024-01-01 10:07:46,61.647608412365166,28.61025443850928,77.23086670832186,0.33411283707129413,0.3831983036014286,engine
2024-01-01 10:07:47,62.439531979085004,28.601995480107618,77.2258575148761,0.11970845768630975,0.29129414539747966,engine
2024-01-01 10:07:48,58.96745239850953,28.60178405594423,77.22912072797784,0.1173533348341482,0.5831159203952816,engine
2024-01-01 10:07:49,76.61470165728018,28.610104432441478,77.23115350452859,0.38883050507596184,0.23024201624670032,engine
2024-01-01 10:07:50,47.3983523482742,28.606918192959803,77.22812401809838,0.286724092469799,0.512528742298922,engine
2024-01-01 10:07:51,56.82284903243766,28.604442710215313,77.23123252389216,0.3433371309800413,0.45438188286549136,engine
2024-01-01 10:07:52,75.80540686568374,28.60492452904086,77.22594571244396,0.37524575293959717,0.31620180226856814,engine
2024-01-01 10:07:53,47.42422141085384,28.614936672582946,77.22962024488179,0.31231640508025826,0.22488129046588112,engine
2024-01-01 10:07:54,51.64857098369977,28.620447693608472,77.22196169486442,0.2501810713464123,0.4718481330940431,engine
2024-01-01 10:07:55,0.0,31.20908590217708,79.28660287014883,0.7608543445144956,0.5468596409751262,brake
2024-01-01 10:07:56,0.0,29.5859794351384,75.60874463362617,0.8639615807350102,0.4813333765356649,unknown
2024-01-01 10:07:57,200.0,31.74348979023469,71.36999063053672,0.994981369325093,0.5272326607539126,transmission
2024-01-01 10:07:58,150.0,26.08893313981039,76.36538646753354,0.49823600049927297,0.40667406999858313,transmission
2024-01-01 10:07:59,150.0,30.225397167320533,72.19117479469938,0.45896347937729864,0.9193874045726727,transmission
2024-01-01 10:08:00,200.0,27.13957038688237,70.13029567757084,0.01419004939576718,0.8293916269585125,unknown
2024-01-01 10:08:01,200.0,28.55041056451958,76.98311157227573,0.3952059263099702,0.9528967959978275,brake
2024-01-01 10:08:02,200.0,28.927937758093435,78.54221906340868,0.7730890416974662,0.3099999371717893,brake
2024-01-01 10:08:03,0.0,29.58234650392834,77.81348840614406,0.9601677847287454,0.7635790688665726,unknown
2024-01-01 10:08:04,150.0,31.030643061705163,78.35407830842126,0.7844208580034177,0.3769855419262801,brake
2024-01-01 10:08:05,200.0,31.343636888716873,72.22075870693321,0.3216699896595486,0.848042089601484,transmission
2024-01-01 10:08:06,150.0,29.287020209864338,70.29169763645264,0.480890146603009,0.6624340117010681,brake
2024-01-01 10:08:07,0.0,26.538070246416076,79.90086376067482,0.9548469930384681,0.4946751895912833,unknown
2024-01-01 10:08:08,0.0,29.81549340275854,76.35443645659522,0.09072170223493103,0.032617948341566505,transmission
2024-01-01 10:08:09,0.0,29.443653492415145,72.75547939219483,0.6220395623709938,0.992442289374779,unknown
2024-01-01 10:08:10,0.0,28.58578461524873,76.56631073707877,0.2403989128935069,0.19159294573482577,unknown
2024-01-01 10:08:11,200.0,30.059579077349316,72.20852782963009,0.03892996332566745,0.03601881829142639,unknown
2024-01-01 10:08:12,150.0,33.66770354506,72.82478743977026,0.9504591705752957,0.5816222929891935,transmission
2024-01-01 10:08:13,200.0,29.275018313281116,73.26338430931987,0.8396596557087903,0.1438143503148137,transmission
2024-01-01 10:08:14,200.0,34.03757571775142,78.45849550459968,0.4009417624730467,0.7631083636013083,transmission
2024-01-01 10:08:15,150.0,33.8888742400363,75.44505769049228,0.2044608860547118,0.25530907650393164,transmission
2024-01-01 10:08:16,200.0,25.328096241286083,76.36042468779968,0.364354238428232,0.29524180248964216,transmission
2024-01-01 10:08:17,0.0,29.60002395580799,70.95053045532693,0.826746768026247,0.0476412574365066,brake
2024-01-01 10:08:18,0.0,32.711228158518864,76.54650686865955,0.15159507480009937,0.875883083517057,transmission
2024-01-01 10:08:19,0.0,27.824724263700038,74.25228185437695,0.03757109039890738,0.12786680122241756,brake
